id_vacante,candidato_erroneo,instancia
11,Shannon Hill,motor_emparejamiento_1
23,Tyler Chavez,motor_emparejamiento_1
24,Andrew Moran,motor_emparejamiento_1
19,Michelle Herrera,motor_emparejamiento_1
22,Danielle Long,motor_emparejamiento_1
32,Tanya Park,motor_emparejamiento_1
33,Whitney Johnson,motor_emparejamiento_1
27,Dawn Diaz,motor_emparejamiento_1
34,Justin Becker,motor_emparejamiento_1
36,Javier Hubbard,motor_emparejamiento_1
41,Cody George,motor_emparejamiento_1
32,Angela Ford,motor_emparejamiento_1
47,Laura Collins,motor_emparejamiento_1
42,Kristina Sullivan,motor_emparejamiento_1
41,Michael Guerrero,motor_emparejamiento_1
48,Troy Ellison,motor_emparejamiento_1
54,Tonya Little,motor_emparejamiento_1
54,Jacqueline Thompson,motor_emparejamiento_1
53,Kristin Gibson,motor_emparejamiento_1
56,Leslie Salas,motor_emparejamiento_1
57,Gail Boone,motor_emparejamiento_1
58,Nicholas Roy,motor_emparejamiento_1
60,Donald Smith,motor_emparejamiento_1
63,Derek Logan,motor_emparejamiento_1
71,Brett Wise,motor_emparejamiento_1
77,Daniel Olsen,motor_emparejamiento_1
71,Taylor Wilkerson,motor_emparejamiento_1
75,Riley Gordon,motor_emparejamiento_1
78,James Dean,motor_emparejamiento_1
79,Thomas Allen,motor_emparejamiento_1
81,Christopher Conley,motor_emparejamiento_1
84,Jose Hernandez,motor_emparejamiento_1
94,Christian Cruz,motor_emparejamiento_1
96,Wendy Lee,motor_emparejamiento_1
98,Jodi Klein,motor_emparejamiento_1
86,Brian Johnson,motor_emparejamiento_1
90,Andrea Gutierrez,motor_emparejamiento_1
95,Jeffrey Daniels,motor_emparejamiento_1
91,Jeffrey Arellano,motor_emparejamiento_1
96,Sarah Lopez,motor_emparejamiento_1
99,Edward Trevino,motor_emparejamiento_1
92,Corey Griffin,motor_emparejamiento_1
96,Dr. Lisa Olson,motor_emparejamiento_1
98,Thomas Rangel,motor_emparejamiento_1
107,Ariel Burke,motor_emparejamiento_1
113,Craig Escobar,motor_emparejamiento_1
104,Christina Harper,motor_emparejamiento_1
110,Katherine Wright,motor_emparejamiento_1
119,Kathleen Carr,motor_emparejamiento_1
123,Elizabeth Burns,motor_emparejamiento_1
115,Eric Stanley,motor_emparejamiento_1
122,Richard Carter,motor_emparejamiento_1
133,Lori Collins,motor_emparejamiento_1
135,Diana Shea,motor_emparejamiento_1
129,Timothy Hill,motor_emparejamiento_1
143,Jeffrey Cummings,motor_emparejamiento_1
147,Sandra Mitchell,motor_emparejamiento_1
159,Gina Wallace,motor_emparejamiento_1
153,Jane Scott,motor_emparejamiento_1
157,Jonathon Macdonald,motor_emparejamiento_1
167,Emily Griffith,motor_emparejamiento_1
166,Lisa Bailey,motor_emparejamiento_1
171,Barbara Aguirre,motor_emparejamiento_1
175,Jason Garcia,motor_emparejamiento_1
169,Jacob Evans,motor_emparejamiento_1
177,Katherine Rodriguez,motor_emparejamiento_1
175,David Howard,motor_emparejamiento_1
189,Nicole Thompson,motor_emparejamiento_1
180,Mary Meyers,motor_emparejamiento_1
187,John Jimenez,motor_emparejamiento_1
191,Robyn Soto,motor_emparejamiento_1
200,Hayden Ruiz DDS,motor_emparejamiento_1
196,Steven Parker,motor_emparejamiento_1
208,Sandra Murphy,motor_emparejamiento_1
200,Kristin Jones,motor_emparejamiento_1
212,Mr. Michael Griffin MD,motor_emparejamiento_1
203,Jacqueline Rhodes,motor_emparejamiento_1
211,Melissa Nicholson,motor_emparejamiento_1
216,Gabrielle Mccormick,motor_emparejamiento_1
217,Joseph Shields,motor_emparejamiento_1
226,Jessica Garcia,motor_emparejamiento_1
225,Erica Singh,motor_emparejamiento_1
226,Antonio Ford,motor_emparejamiento_1
227,Michael Park,motor_emparejamiento_1
235,Kelly Palmer,motor_emparejamiento_1
246,Michael Silva,motor_emparejamiento_1
251,Jeffrey Jacobson,motor_emparejamiento_1
247,Tiffany Walton,motor_emparejamiento_1
263,Jonathan Dickerson,motor_emparejamiento_1
276,Mark Mooney,motor_emparejamiento_1
268,Jose Hammond,motor_emparejamiento_1
273,Lisa Foster DDS,motor_emparejamiento_1
278,Ashley Bentley,motor_emparejamiento_1
285,Gina Romero,motor_emparejamiento_1
275,Edward Jensen,motor_emparejamiento_1
289,Michele Gay,motor_emparejamiento_1
281,Desiree Robinson,motor_emparejamiento_1
300,Joanne George,motor_emparejamiento_1
291,Daniel Miller,motor_emparejamiento_1
298,Crystal Robinson,motor_emparejamiento_1
293,Kelly Shannon,motor_emparejamiento_1
305,Samantha Hernandez,motor_emparejamiento_1
295,Cody Brooks,motor_emparejamiento_1
302,Brian Padilla,motor_emparejamiento_1
309,Gwendolyn Watson,motor_emparejamiento_1
308,Daniel Freeman,motor_emparejamiento_1
302,Anna Lewis,motor_emparejamiento_1
314,Noah Howell,motor_emparejamiento_1
320,Juan Bell,motor_emparejamiento_1
317,Jordan Pena,motor_emparejamiento_1
319,Eric Gallagher,motor_emparejamiento_1
331,Brent Guerrero,motor_emparejamiento_1
320,Amy Powell,motor_emparejamiento_1
326,Randy Sandoval,motor_emparejamiento_1
343,Todd Roberts,motor_emparejamiento_1
335,Barbara Medina,motor_emparejamiento_1
342,Charlotte Martinez,motor_emparejamiento_1
352,Beverly Bates,motor_emparejamiento_1
343,Bruce Moran,motor_emparejamiento_1
346,Nancy Evans,motor_emparejamiento_1
357,Tara Myers,motor_emparejamiento_1
355,John Velez,motor_emparejamiento_1
362,Vincent Waters,motor_emparejamiento_1
377,Justin Munoz,motor_emparejamiento_1
379,Marie Evans,motor_emparejamiento_1
382,Rachel Bishop,motor_emparejamiento_1
386,Wesley Baker,motor_emparejamiento_1
393,Lisa Nielsen,motor_emparejamiento_1
385,Jill Drake,motor_emparejamiento_1
397,Elizabeth Roberts,motor_emparejamiento_1
387,Tammy Campos,motor_emparejamiento_1
396,William Mcdaniel,motor_emparejamiento_1
399,Daniel Williams,motor_emparejamiento_1
404,Jacob Williams,motor_emparejamiento_1
403,Jean Elliott,motor_emparejamiento_1
413,Jimmy Johnson,motor_emparejamiento_1
407,Elizabeth Wilson,motor_emparejamiento_1
406,Leonard Grimes,motor_emparejamiento_1
408,Derek Wells,motor_emparejamiento_1
412,Steven Williams,motor_emparejamiento_1
415,Geoffrey Hall,motor_emparejamiento_1
420,Nichole Hernandez,motor_emparejamiento_1
431,Patrick Jones,motor_emparejamiento_1
435,Kelsey Mills,motor_emparejamiento_1
432,Kristen Anderson,motor_emparejamiento_1
434,Jason Thomas,motor_emparejamiento_1
435,Pamela Decker,motor_emparejamiento_1
432,Adam Foster,motor_emparejamiento_1
444,Jennifer Cole,motor_emparejamiento_1
467,Rebecca Bradford,motor_emparejamiento_1
465,Patricia Day,motor_emparejamiento_1
460,Brandon Sanchez,motor_emparejamiento_1
475,Vanessa Carroll,motor_emparejamiento_1
474,Jamie Olson,motor_emparejamiento_1
462,Dustin Kelley,motor_emparejamiento_1
474,Jessica Orozco,motor_emparejamiento_1
468,Isaac Oneal,motor_emparejamiento_1
470,Jennifer Johns,motor_emparejamiento_1
479,Mr. Timothy Norton MD,motor_emparejamiento_1
478,Jeanette Willis,motor_emparejamiento_1
482,Rachael Miller,motor_emparejamiento_1
486,George Melton,motor_emparejamiento_1
477,Debra Gray,motor_emparejamiento_1
481,John Miller,motor_emparejamiento_1
482,Douglas Cruz,motor_emparejamiento_1
504,Samantha Sanchez,motor_emparejamiento_1
505,Brandon James,motor_emparejamiento_1
509,Mason Durham,motor_emparejamiento_1
499,Phyllis Stephenson,motor_emparejamiento_1
507,Eric Roberts,motor_emparejamiento_1
509,Kathryn Gray,motor_emparejamiento_1
515,Scott Wilson,motor_emparejamiento_1
529,Douglas Sims,motor_emparejamiento_1
527,April Smith,motor_emparejamiento_1
527,Joseph Robinson,motor_emparejamiento_1
537,Christopher Murphy,motor_emparejamiento_1
549,Amber Strickland,motor_emparejamiento_1
550,Clarence Vasquez DVM,motor_emparejamiento_1
557,Linda Frank,motor_emparejamiento_1
560,Matthew Velazquez,motor_emparejamiento_1
563,Brittany Arnold,motor_emparejamiento_1
563,Whitney Johnson,motor_emparejamiento_1
571,Jennifer Lee,motor_emparejamiento_1
573,Gary Ferguson,motor_emparejamiento_1
575,Michael Roberson,motor_emparejamiento_1
576,Daniel Glenn,motor_emparejamiento_1
577,Alexander Morris,motor_emparejamiento_1
573,Amber Hamilton,motor_emparejamiento_1
575,Jennifer Hatfield,motor_emparejamiento_1
585,Donald Ford,motor_emparejamiento_1
597,Crystal Osborn,motor_emparejamiento_1
603,Lisa Reynolds,motor_emparejamiento_1
601,Kayla Lowe,motor_emparejamiento_1
597,Mario Martinez,motor_emparejamiento_1
602,Terry Hanna,motor_emparejamiento_1
614,Alexander Butler,motor_emparejamiento_1
609,Joann Espinoza,motor_emparejamiento_1
618,Claire Jackson,motor_emparejamiento_1
619,Morgan Mendoza,motor_emparejamiento_1
622,Justin Braun,motor_emparejamiento_1
626,Charles Lopez,motor_emparejamiento_1
638,Alejandro Campbell,motor_emparejamiento_1
639,Gordon Sullivan,motor_emparejamiento_1
634,Michael Jackson,motor_emparejamiento_1
635,Anthony Anderson,motor_emparejamiento_1
639,William Tran,motor_emparejamiento_1
644,Thomas Mercer,motor_emparejamiento_1
645,Lori Freeman,motor_emparejamiento_1
638,James Johnson,motor_emparejamiento_1
653,Colleen Hill,motor_emparejamiento_1
644,David Jackson,motor_emparejamiento_1
648,Richard Brown,motor_emparejamiento_1
659,Timothy Harris,motor_emparejamiento_1
661,Jeremy Johnson,motor_emparejamiento_1
655,Jamie Mccullough,motor_emparejamiento_1
659,Johnathan Carter,motor_emparejamiento_1
660,William Davis,motor_emparejamiento_1
669,Kevin Patel,motor_emparejamiento_1
670,Brenda Olson,motor_emparejamiento_1
667,Heather Thompson,motor_emparejamiento_1
676,Joshua Mack,motor_emparejamiento_1
673,Kyle Hogan DVM,motor_emparejamiento_1
679,Amanda Jones,motor_emparejamiento_1
674,Barbara Mcclain,motor_emparejamiento_1
675,Jacob Conway,motor_emparejamiento_1
677,Scott Glover,motor_emparejamiento_1
674,James James,motor_emparejamiento_1
689,Melissa Hudson,motor_emparejamiento_1
687,Joseph Campbell,motor_emparejamiento_1
691,Michelle Schultz,motor_emparejamiento_1
705,Megan Barton,motor_emparejamiento_1
720,Samantha Butler,motor_emparejamiento_1
724,Drew Weber,motor_emparejamiento_1
731,Danny Jackson,motor_emparejamiento_1
733,Melody West,motor_emparejamiento_1
741,Jacob Holloway,motor_emparejamiento_1
734,Kelsey Allen,motor_emparejamiento_1
735,Roger James,motor_emparejamiento_1
738,Stephanie Dennis,motor_emparejamiento_1
738,Robert Brown,motor_emparejamiento_1
755,Julie Curry,motor_emparejamiento_1
754,Timothy Chapman,motor_emparejamiento_1
763,Sarah George,motor_emparejamiento_1
765,Brittany Forbes,motor_emparejamiento_1
758,Aaron Walker,motor_emparejamiento_1
772,Linda Farrell,motor_emparejamiento_1
777,John Hall,motor_emparejamiento_1
785,Phillip Thomas II,motor_emparejamiento_1
794,Shelly Martinez,motor_emparejamiento_1
793,Scott Ramirez,motor_emparejamiento_1
794,Michael Gaines,motor_emparejamiento_1
799,Nicole Barker,motor_emparejamiento_1
800,Chase Ochoa,motor_emparejamiento_1
803,Sarah Green,motor_emparejamiento_1
804,Katherine Humphrey,motor_emparejamiento_1
809,Rhonda Adams,motor_emparejamiento_1
805,Sarah Tanner,motor_emparejamiento_1
810,Christine Anderson,motor_emparejamiento_1
817,Nicole White,motor_emparejamiento_1
822,Alicia Mitchell,motor_emparejamiento_1
822,Catherine Rios,motor_emparejamiento_1
819,Vanessa Waller,motor_emparejamiento_1
834,Angela Mccarthy,motor_emparejamiento_1
837,Theresa Daniels,motor_emparejamiento_1
843,Shannon Mendoza,motor_emparejamiento_1
837,Vicki Patton,motor_emparejamiento_1
840,Roger Warner,motor_emparejamiento_1
834,Brian York,motor_emparejamiento_1
842,Eric Smith,motor_emparejamiento_1
849,Willie Valdez,motor_emparejamiento_1
851,David Weber,motor_emparejamiento_1
858,Jeffery Fischer,motor_emparejamiento_1
855,Brenda Henderson,motor_emparejamiento_1
859,Kevin Flores,motor_emparejamiento_1
864,William Anderson,motor_emparejamiento_1
867,Danielle Wong,motor_emparejamiento_1
868,Krista Parker,motor_emparejamiento_1
874,Shannon Wilson,motor_emparejamiento_1
878,Jonathan Holmes,motor_emparejamiento_1
881,Curtis Luna,motor_emparejamiento_1
884,Jeremy Mays,motor_emparejamiento_1
876,Shirley Ayala,motor_emparejamiento_1
886,Jillian Wiley,motor_emparejamiento_1
881,Matthew Thompson,motor_emparejamiento_1
883,Justin Cardenas,motor_emparejamiento_1
890,Angelica Sullivan,motor_emparejamiento_1
893,John Swanson,motor_emparejamiento_1
896,Curtis Young,motor_emparejamiento_1
911,Teresa Brown,motor_emparejamiento_1
912,Adam Mills,motor_emparejamiento_1
919,Mallory Benson MD,motor_emparejamiento_1
911,Elizabeth Koch,motor_emparejamiento_1
920,Briana Myers,motor_emparejamiento_1
922,Mario Murphy,motor_emparejamiento_1
913,Brent Mccarthy,motor_emparejamiento_1
919,Patrick Curry,motor_emparejamiento_1
911,Ricky Wilson,motor_emparejamiento_1
923,Carla Carpenter,motor_emparejamiento_1
920,Shaun Kramer,motor_emparejamiento_1
924,Isaac Bennett,motor_emparejamiento_1
923,Tyrone Johnson,motor_emparejamiento_1
928,Matthew Reed,motor_emparejamiento_1
936,Courtney Fuller,motor_emparejamiento_1
942,Michael Rogers,motor_emparejamiento_1
934,Jeremy Horn,motor_emparejamiento_1
938,Gina Palmer,motor_emparejamiento_1
951,Leah Bryan,motor_emparejamiento_1
958,Angela Faulkner,motor_emparejamiento_1
953,Angel Mckenzie,motor_emparejamiento_1
964,Marc Robinson,motor_emparejamiento_1
968,Jonathan Wilson,motor_emparejamiento_1
971,Christopher Newton,motor_emparejamiento_1
969,Jane Salas,motor_emparejamiento_1
966,Mr. Benjamin Lane,motor_emparejamiento_1
973,Shane Browning,motor_emparejamiento_1
974,Angela Allen,motor_emparejamiento_1
984,Alicia Reynolds,motor_emparejamiento_1
982,Nathan Wright,motor_emparejamiento_1
985,Catherine Jacobson,motor_emparejamiento_1
992,Todd Andrade Jr.,motor_emparejamiento_1
995,Timothy Gonzalez,motor_emparejamiento_1
997,Donna Humphrey,motor_emparejamiento_1
982,Jillian Turner,motor_emparejamiento_1
986,Melissa Morris,motor_emparejamiento_1
