id_vacante,mejor_candidato
2,Don Octavio Mesa
1,Don Octavio Mesa
3,Don Octavio Mesa
5,Don Octavio Mesa
7,Don Octavio Mesa
4,Don Octavio Mesa
6,Don Octavio Mesa
9,Don Octavio Mesa
8,Don Octavio Mesa
10,Don Octavio Mesa
13,Don Octavio Mesa
12,Don Octavio Mesa
11,Don Octavio Mesa
14,Don Octavio Mesa
15,Don Octavio Mesa
16,Don Octavio Mesa
17,Don Octavio Mesa
18,Don Octavio Mesa
20,Don Octavio Mesa
19,Don Octavio Mesa
21,Don Octavio Mesa
23,Don Octavio Mesa
24,Don Octavio Mesa
25,Don Octavio Mesa
22,Don Octavio Mesa
26,Don Octavio Mesa
28,Don Octavio Mesa
29,Don Octavio Mesa
27,Don Octavio Mesa
30,Don Octavio Mesa
31,Don Octavio Mesa
35,Don Octavio Mesa
34,Don Octavio Mesa
37,Don Octavio Mesa
33,Don Octavio Mesa
32,No se pudo determinar el mejor candidato
36,Don Octavio Mesa
38,Don Octavio Mesa
39,Don Octavio Mesa
40,Don Octavio Mesa
43,Don Octavio Mesa
44,Don Octavio Mesa
46,Don Octavio Mesa
42,Don Octavio Mesa
45,Don Octavio Mesa
41,No se pudo determinar el mejor candidato
50,Don Octavio Mesa
49,Don Octavio Mesa
51,Don Octavio Mesa
47,Don Octavio Mesa
52,Don Octavio Mesa
48,Don Octavio Mesa
55,Don Octavio Mesa
59,Don Octavio Mesa
53,Don Octavio Mesa
58,Don Octavio Mesa
54,No se pudo determinar el mejor candidato
61,Don Octavio Mesa
60,Don Octavio Mesa
62,Don Octavio Mesa
57,Don Octavio Mesa
56,Don Octavio Mesa
64,Don Octavio Mesa
65,Don Octavio Mesa
66,Don Octavio Mesa
63,Don Octavio Mesa
67,Don Octavio Mesa
68,Don Octavio Mesa
69,Don Octavio Mesa
70,Don Octavio Mesa
72,Don Octavio Mesa
73,Don Octavio Mesa
74,Don Octavio Mesa
76,Don Octavio Mesa
75,Don Octavio Mesa
71,No se pudo determinar el mejor candidato
78,Don Octavio Mesa
77,Don Octavio Mesa
80,Don Octavio Mesa
82,Don Octavio Mesa
83,Don Octavio Mesa
79,Don Octavio Mesa
81,Don Octavio Mesa
85,Don Octavio Mesa
84,Don Octavio Mesa
87,Don Octavio Mesa
89,Don Octavio Mesa
88,Don Octavio Mesa
86,Don Octavio Mesa
90,Don Octavio Mesa
91,Don Octavio Mesa
93,Don Octavio Mesa
92,Don Octavio Mesa
97,Don Octavio Mesa
100,Don Octavio Mesa
94,Don Octavio Mesa
95,Don Octavio Mesa
99,Don Octavio Mesa
101,Don Octavio Mesa
96,No se pudo determinar el mejor candidato
98,No se pudo determinar el mejor candidato
102,Don Octavio Mesa
103,Don Octavio Mesa
105,Don Octavio Mesa
104,Don Octavio Mesa
106,Don Octavio Mesa
108,Don Octavio Mesa
109,Don Octavio Mesa
107,Don Octavio Mesa
111,Don Octavio Mesa
112,Don Octavio Mesa
110,Don Octavio Mesa
114,Don Octavio Mesa
113,Don Octavio Mesa
116,Don Octavio Mesa
115,Don Octavio Mesa
118,Don Octavio Mesa
117,Don Octavio Mesa
120,Don Octavio Mesa
119,Don Octavio Mesa
121,Don Octavio Mesa
122,Don Octavio Mesa
124,Don Octavio Mesa
125,Don Octavio Mesa
123,Don Octavio Mesa
126,Don Octavio Mesa
127,Don Octavio Mesa
128,Don Octavio Mesa
130,Don Octavio Mesa
131,Don Octavio Mesa
129,Don Octavio Mesa
132,Don Octavio Mesa
134,Don Octavio Mesa
133,Don Octavio Mesa
136,Don Octavio Mesa
137,Don Octavio Mesa
138,Don Octavio Mesa
135,Don Octavio Mesa
139,Don Octavio Mesa
140,Don Octavio Mesa
141,Don Octavio Mesa
142,Don Octavio Mesa
144,Don Octavio Mesa
143,Don Octavio Mesa
145,Don Octavio Mesa
146,Don Octavio Mesa
148,Don Octavio Mesa
149,Don Octavio Mesa
150,Don Octavio Mesa
147,Don Octavio Mesa
151,Don Octavio Mesa
152,Don Octavio Mesa
154,Don Octavio Mesa
155,Don Octavio Mesa
156,Don Octavio Mesa
153,Don Octavio Mesa
158,Don Octavio Mesa
157,Don Octavio Mesa
160,Don Octavio Mesa
161,Don Octavio Mesa
159,Don Octavio Mesa
162,Don Octavio Mesa
163,Don Octavio Mesa
164,Don Octavio Mesa
165,Don Octavio Mesa
166,Don Octavio Mesa
167,Don Octavio Mesa
168,Don Octavio Mesa
170,Don Octavio Mesa
171,Don Octavio Mesa
172,Don Octavio Mesa
169,Don Octavio Mesa
173,Don Octavio Mesa
174,Don Octavio Mesa
176,Don Octavio Mesa
178,Don Octavio Mesa
177,Don Octavio Mesa
179,Don Octavio Mesa
175,No se pudo determinar el mejor candidato
182,Don Octavio Mesa
181,Don Octavio Mesa
180,Don Octavio Mesa
183,Don Octavio Mesa
184,Don Octavio Mesa
186,Don Octavio Mesa
185,Don Octavio Mesa
188,Don Octavio Mesa
187,Don Octavio Mesa
190,Don Octavio Mesa
189,Don Octavio Mesa
192,Don Octavio Mesa
193,Don Octavio Mesa
194,Don Octavio Mesa
191,Don Octavio Mesa
195,Don Octavio Mesa
199,Don Octavio Mesa
197,Don Octavio Mesa
198,Don Octavio Mesa
196,Don Octavio Mesa
201,Don Octavio Mesa
202,Don Octavio Mesa
204,Don Octavio Mesa
205,Don Octavio Mesa
203,Don Octavio Mesa
200,No se pudo determinar el mejor candidato
206,Don Octavio Mesa
207,Don Octavio Mesa
209,Don Octavio Mesa
210,Don Octavio Mesa
208,Don Octavio Mesa
213,Don Octavio Mesa
214,Don Octavio Mesa
211,Don Octavio Mesa
215,Don Octavio Mesa
212,Don Octavio Mesa
216,Don Octavio Mesa
218,Don Octavio Mesa
217,Don Octavio Mesa
219,Don Octavio Mesa
220,Don Octavio Mesa
221,Don Octavio Mesa
222,Don Octavio Mesa
223,Don Octavio Mesa
224,Don Octavio Mesa
228,Don Octavio Mesa
225,Don Octavio Mesa
227,Don Octavio Mesa
229,Don Octavio Mesa
230,Don Octavio Mesa
231,Don Octavio Mesa
232,Don Octavio Mesa
233,Don Octavio Mesa
226,No se pudo determinar el mejor candidato
234,Don Octavio Mesa
236,Don Octavio Mesa
237,Don Octavio Mesa
238,Don Octavio Mesa
239,Don Octavio Mesa
235,Don Octavio Mesa
240,Don Octavio Mesa
241,Don Octavio Mesa
242,Don Octavio Mesa
243,Don Octavio Mesa
245,Don Octavio Mesa
244,Don Octavio Mesa
248,Don Octavio Mesa
246,Don Octavio Mesa
247,Don Octavio Mesa
250,Don Octavio Mesa
249,Don Octavio Mesa
252,Don Octavio Mesa
253,Don Octavio Mesa
251,Don Octavio Mesa
254,Don Octavio Mesa
255,Don Octavio Mesa
256,Don Octavio Mesa
257,Don Octavio Mesa
258,Don Octavio Mesa
259,Don Octavio Mesa
260,Don Octavio Mesa
261,Don Octavio Mesa
262,Don Octavio Mesa
264,Don Octavio Mesa
266,Don Octavio Mesa
265,Don Octavio Mesa
267,Don Octavio Mesa
263,Don Octavio Mesa
269,Don Octavio Mesa
270,Don Octavio Mesa
268,Don Octavio Mesa
271,Don Octavio Mesa
272,Don Octavio Mesa
274,Don Octavio Mesa
273,Don Octavio Mesa
277,Don Octavio Mesa
275,Don Octavio Mesa
279,Don Octavio Mesa
276,Don Octavio Mesa
280,Don Octavio Mesa
278,Don Octavio Mesa
283,Don Octavio Mesa
282,Don Octavio Mesa
284,Don Octavio Mesa
281,Don Octavio Mesa
287,Don Octavio Mesa
286,Don Octavio Mesa
285,Don Octavio Mesa
288,Don Octavio Mesa
290,Don Octavio Mesa
289,Don Octavio Mesa
292,Don Octavio Mesa
294,Don Octavio Mesa
291,Don Octavio Mesa
293,Don Octavio Mesa
296,Don Octavio Mesa
297,Don Octavio Mesa
295,Don Octavio Mesa
299,Don Octavio Mesa
301,Don Octavio Mesa
298,Don Octavio Mesa
300,Don Octavio Mesa
304,Don Octavio Mesa
303,Don Octavio Mesa
305,Don Octavio Mesa
302,No se pudo determinar el mejor candidato
306,Don Octavio Mesa
307,Don Octavio Mesa
310,Don Octavio Mesa
311,Don Octavio Mesa
309,Don Octavio Mesa
312,Don Octavio Mesa
308,Don Octavio Mesa
313,Don Octavio Mesa
315,Don Octavio Mesa
316,Don Octavio Mesa
314,Don Octavio Mesa
318,Don Octavio Mesa
317,Don Octavio Mesa
319,Don Octavio Mesa
321,Don Octavio Mesa
322,Don Octavio Mesa
323,Don Octavio Mesa
320,No se pudo determinar el mejor candidato
324,Don Octavio Mesa
325,Don Octavio Mesa
328,Don Octavio Mesa
330,Don Octavio Mesa
326,Don Octavio Mesa
329,Don Octavio Mesa
327,Don Octavio Mesa
333,Don Octavio Mesa
332,Don Octavio Mesa
331,Don Octavio Mesa
334,Don Octavio Mesa
336,Don Octavio Mesa
337,Don Octavio Mesa
335,Don Octavio Mesa
338,Don Octavio Mesa
339,Don Octavio Mesa
341,Don Octavio Mesa
340,Don Octavio Mesa
344,Don Octavio Mesa
345,Don Octavio Mesa
342,Don Octavio Mesa
347,Don Octavio Mesa
348,Don Octavio Mesa
346,Don Octavio Mesa
350,Don Octavio Mesa
349,Don Octavio Mesa
343,No se pudo determinar el mejor candidato
351,Don Octavio Mesa
353,Don Octavio Mesa
352,Don Octavio Mesa
354,Don Octavio Mesa
356,Don Octavio Mesa
355,Don Octavio Mesa
358,Don Octavio Mesa
359,Don Octavio Mesa
357,Don Octavio Mesa
360,Don Octavio Mesa
361,Don Octavio Mesa
363,Don Octavio Mesa
365,Don Octavio Mesa
364,Don Octavio Mesa
362,Don Octavio Mesa
366,Don Octavio Mesa
367,Don Octavio Mesa
368,Don Octavio Mesa
369,Don Octavio Mesa
370,Don Octavio Mesa
371,Don Octavio Mesa
372,Don Octavio Mesa
373,Don Octavio Mesa
374,Don Octavio Mesa
375,Don Octavio Mesa
376,Don Octavio Mesa
378,Don Octavio Mesa
380,Don Octavio Mesa
377,Don Octavio Mesa
381,Don Octavio Mesa
379,Don Octavio Mesa
382,Don Octavio Mesa
383,Don Octavio Mesa
384,Don Octavio Mesa
385,Don Octavio Mesa
386,Don Octavio Mesa
388,Don Octavio Mesa
387,Don Octavio Mesa
389,Don Octavio Mesa
390,Don Octavio Mesa
391,Don Octavio Mesa
394,Don Octavio Mesa
392,Don Octavio Mesa
395,Don Octavio Mesa
393,Don Octavio Mesa
396,Don Octavio Mesa
398,Don Octavio Mesa
397,Don Octavio Mesa
400,Don Octavio Mesa
399,Don Octavio Mesa
401,Don Octavio Mesa
402,Don Octavio Mesa
405,Don Octavio Mesa
404,Don Octavio Mesa
409,Don Octavio Mesa
407,Don Octavio Mesa
403,Don Octavio Mesa
410,Don Octavio Mesa
406,Don Octavio Mesa
411,Don Octavio Mesa
408,Don Octavio Mesa
414,Don Octavio Mesa
412,Don Octavio Mesa
416,Don Octavio Mesa
417,Don Octavio Mesa
415,Don Octavio Mesa
413,Don Octavio Mesa
418,Don Octavio Mesa
419,Don Octavio Mesa
421,Don Octavio Mesa
422,Don Octavio Mesa
420,Don Octavio Mesa
423,Don Octavio Mesa
424,Don Octavio Mesa
425,Don Octavio Mesa
427,Don Octavio Mesa
426,Don Octavio Mesa
428,Don Octavio Mesa
429,Don Octavio Mesa
430,Don Octavio Mesa
433,Don Octavio Mesa
431,Don Octavio Mesa
436,Don Octavio Mesa
434,Don Octavio Mesa
437,Don Octavio Mesa
438,Don Octavio Mesa
439,Don Octavio Mesa
441,Don Octavio Mesa
432,No se pudo determinar el mejor candidato
442,Don Octavio Mesa
440,Don Octavio Mesa
443,Don Octavio Mesa
435,No se pudo determinar el mejor candidato
445,Don Octavio Mesa
446,Don Octavio Mesa
447,Don Octavio Mesa
444,Don Octavio Mesa
448,Don Octavio Mesa
450,Don Octavio Mesa
449,Don Octavio Mesa
451,Don Octavio Mesa
452,Don Octavio Mesa
455,Don Octavio Mesa
453,Don Octavio Mesa
457,Don Octavio Mesa
456,Don Octavio Mesa
459,Don Octavio Mesa
454,Don Octavio Mesa
458,Don Octavio Mesa
461,Don Octavio Mesa
460,Don Octavio Mesa
463,Don Octavio Mesa
464,Don Octavio Mesa
462,Don Octavio Mesa
466,Don Octavio Mesa
469,Don Octavio Mesa
471,Don Octavio Mesa
472,Don Octavio Mesa
468,Don Octavio Mesa
467,Don Octavio Mesa
473,Don Octavio Mesa
470,Don Octavio Mesa
465,Don Octavio Mesa
475,Don Octavio Mesa
474,No se pudo determinar el mejor candidato
476,Don Octavio Mesa
480,Don Octavio Mesa
477,Don Octavio Mesa
479,Don Octavio Mesa
478,Don Octavio Mesa
483,Don Octavio Mesa
484,Don Octavio Mesa
481,Don Octavio Mesa
485,Don Octavio Mesa
487,Don Octavio Mesa
488,Don Octavio Mesa
489,Don Octavio Mesa
486,Don Octavio Mesa
490,Don Octavio Mesa
482,No se pudo determinar el mejor candidato
491,Don Octavio Mesa
492,Don Octavio Mesa
493,Don Octavio Mesa
494,Don Octavio Mesa
495,Don Octavio Mesa
496,Don Octavio Mesa
497,Don Octavio Mesa
498,Don Octavio Mesa
501,Don Octavio Mesa
500,Don Octavio Mesa
502,Don Octavio Mesa
499,Don Octavio Mesa
503,Don Octavio Mesa
506,Don Octavio Mesa
504,Don Octavio Mesa
505,Don Octavio Mesa
508,Don Octavio Mesa
507,Don Octavio Mesa
510,Don Octavio Mesa
511,Don Octavio Mesa
512,Don Octavio Mesa
513,Don Octavio Mesa
509,No se pudo determinar el mejor candidato
514,Don Octavio Mesa
516,Don Octavio Mesa
517,Don Octavio Mesa
519,Don Octavio Mesa
518,Don Octavio Mesa
520,Don Octavio Mesa
515,Don Octavio Mesa
521,Don Octavio Mesa
522,Don Octavio Mesa
523,Don Octavio Mesa
524,Don Octavio Mesa
525,Don Octavio Mesa
526,Don Octavio Mesa
528,Don Octavio Mesa
530,Don Octavio Mesa
529,Don Octavio Mesa
531,Don Octavio Mesa
527,No se pudo determinar el mejor candidato
532,Don Octavio Mesa
533,Don Octavio Mesa
534,Don Octavio Mesa
536,Don Octavio Mesa
535,Don Octavio Mesa
538,Don Octavio Mesa
537,Don Octavio Mesa
539,Don Octavio Mesa
540,Don Octavio Mesa
541,Don Octavio Mesa
542,Don Octavio Mesa
543,Don Octavio Mesa
544,Don Octavio Mesa
545,Don Octavio Mesa
547,Don Octavio Mesa
546,Don Octavio Mesa
548,Don Octavio Mesa
551,Don Octavio Mesa
552,Don Octavio Mesa
553,Don Octavio Mesa
549,Don Octavio Mesa
550,Don Octavio Mesa
554,Don Octavio Mesa
555,Don Octavio Mesa
556,Don Octavio Mesa
558,Don Octavio Mesa
557,Don Octavio Mesa
559,Don Octavio Mesa
561,Don Octavio Mesa
562,Don Octavio Mesa
564,Don Octavio Mesa
560,Don Octavio Mesa
565,Don Octavio Mesa
566,Don Octavio Mesa
567,Don Octavio Mesa
568,Don Octavio Mesa
563,No se pudo determinar el mejor candidato
569,Don Octavio Mesa
570,Don Octavio Mesa
572,Don Octavio Mesa
571,Don Octavio Mesa
574,Don Octavio Mesa
573,No se pudo determinar el mejor candidato
576,Don Octavio Mesa
578,Don Octavio Mesa
577,Don Octavio Mesa
579,Don Octavio Mesa
580,Don Octavio Mesa
575,No se pudo determinar el mejor candidato
582,Don Octavio Mesa
581,Don Octavio Mesa
583,Don Octavio Mesa
584,Don Octavio Mesa
586,Don Octavio Mesa
585,Don Octavio Mesa
588,Don Octavio Mesa
587,Don Octavio Mesa
589,Don Octavio Mesa
590,Don Octavio Mesa
591,Don Octavio Mesa
592,Don Octavio Mesa
593,Don Octavio Mesa
594,Don Octavio Mesa
595,Don Octavio Mesa
596,Don Octavio Mesa
598,Don Octavio Mesa
599,Don Octavio Mesa
600,Don Octavio Mesa
601,Don Octavio Mesa
602,Don Octavio Mesa
604,Don Octavio Mesa
597,No se pudo determinar el mejor candidato
603,Don Octavio Mesa
605,Don Octavio Mesa
606,Don Octavio Mesa
607,Don Octavio Mesa
608,Don Octavio Mesa
611,Don Octavio Mesa
610,Don Octavio Mesa
612,Don Octavio Mesa
613,Don Octavio Mesa
609,Don Octavio Mesa
615,Don Octavio Mesa
616,Don Octavio Mesa
614,Don Octavio Mesa
617,Don Octavio Mesa
620,Don Octavio Mesa
619,Don Octavio Mesa
621,Don Octavio Mesa
618,Don Octavio Mesa
623,Don Octavio Mesa
624,Don Octavio Mesa
625,Don Octavio Mesa
627,Don Octavio Mesa
622,Don Octavio Mesa
628,Don Octavio Mesa
626,Don Octavio Mesa
629,Don Octavio Mesa
630,Don Octavio Mesa
631,Don Octavio Mesa
632,Don Octavio Mesa
633,Don Octavio Mesa
636,Don Octavio Mesa
634,Don Octavio Mesa
637,Don Octavio Mesa
635,Don Octavio Mesa
640,Don Octavio Mesa
641,Don Octavio Mesa
642,Don Octavio Mesa
643,Don Octavio Mesa
638,No se pudo determinar el mejor candidato
646,Don Octavio Mesa
645,Don Octavio Mesa
639,No se pudo determinar el mejor candidato
647,Don Octavio Mesa
649,Don Octavio Mesa
644,No se pudo determinar el mejor candidato
650,Don Octavio Mesa
651,Don Octavio Mesa
648,Don Octavio Mesa
652,Don Octavio Mesa
653,Don Octavio Mesa
654,Don Octavio Mesa
656,Don Octavio Mesa
657,Don Octavio Mesa
655,Don Octavio Mesa
658,Don Octavio Mesa
660,Don Octavio Mesa
662,Don Octavio Mesa
661,Don Octavio Mesa
659,No se pudo determinar el mejor candidato
664,Don Octavio Mesa
663,Don Octavio Mesa
665,Don Octavio Mesa
666,Don Octavio Mesa
668,Don Octavio Mesa
667,Don Octavio Mesa
670,Don Octavio Mesa
671,Don Octavio Mesa
669,Don Octavio Mesa
672,Don Octavio Mesa
673,Don Octavio Mesa
678,Don Octavio Mesa
675,Don Octavio Mesa
680,Don Octavio Mesa
681,Don Octavio Mesa
674,No se pudo determinar el mejor candidato
676,Don Octavio Mesa
682,Don Octavio Mesa
683,Don Octavio Mesa
677,Don Octavio Mesa
679,Don Octavio Mesa
684,Don Octavio Mesa
685,Don Octavio Mesa
686,Don Octavio Mesa
688,Don Octavio Mesa
687,Don Octavio Mesa
689,Don Octavio Mesa
690,Don Octavio Mesa
692,Don Octavio Mesa
694,Don Octavio Mesa
693,Don Octavio Mesa
695,Don Octavio Mesa
698,Don Octavio Mesa
697,Don Octavio Mesa
691,Don Octavio Mesa
696,Don Octavio Mesa
699,Don Octavio Mesa
700,Don Octavio Mesa
701,Don Octavio Mesa
702,Don Octavio Mesa
703,Don Octavio Mesa
704,Don Octavio Mesa
706,Don Octavio Mesa
707,Don Octavio Mesa
708,Don Octavio Mesa
709,Don Octavio Mesa
711,Don Octavio Mesa
710,Don Octavio Mesa
713,Don Octavio Mesa
705,Don Octavio Mesa
712,Don Octavio Mesa
714,Don Octavio Mesa
715,Don Octavio Mesa
716,Don Octavio Mesa
717,Don Octavio Mesa
718,Don Octavio Mesa
719,Don Octavio Mesa
721,Don Octavio Mesa
722,Don Octavio Mesa
723,Don Octavio Mesa
720,Don Octavio Mesa
725,Don Octavio Mesa
726,Don Octavio Mesa
727,Don Octavio Mesa
728,Don Octavio Mesa
724,Don Octavio Mesa
729,Don Octavio Mesa
730,Don Octavio Mesa
732,Don Octavio Mesa
731,Don Octavio Mesa
733,Don Octavio Mesa
734,Don Octavio Mesa
735,Don Octavio Mesa
736,Don Octavio Mesa
737,Don Octavio Mesa
739,Don Octavio Mesa
740,Don Octavio Mesa
742,Don Octavio Mesa
743,Don Octavio Mesa
741,Don Octavio Mesa
745,Don Octavio Mesa
738,No se pudo determinar el mejor candidato
744,Don Octavio Mesa
747,Don Octavio Mesa
746,Don Octavio Mesa
748,Don Octavio Mesa
749,Don Octavio Mesa
750,Don Octavio Mesa
751,Don Octavio Mesa
752,Don Octavio Mesa
753,Don Octavio Mesa
756,Don Octavio Mesa
754,Don Octavio Mesa
757,Don Octavio Mesa
755,Don Octavio Mesa
759,Don Octavio Mesa
760,Don Octavio Mesa
761,Don Octavio Mesa
762,Don Octavio Mesa
758,Don Octavio Mesa
764,Don Octavio Mesa
763,Don Octavio Mesa
765,Don Octavio Mesa
766,Don Octavio Mesa
767,Don Octavio Mesa
768,Don Octavio Mesa
769,Don Octavio Mesa
770,Don Octavio Mesa
771,Don Octavio Mesa
773,Don Octavio Mesa
774,Don Octavio Mesa
775,Don Octavio Mesa
772,Don Octavio Mesa
776,Don Octavio Mesa
778,Don Octavio Mesa
779,Don Octavio Mesa
780,Don Octavio Mesa
777,Don Octavio Mesa
781,Don Octavio Mesa
782,Don Octavio Mesa
783,Don Octavio Mesa
784,Don Octavio Mesa
786,Don Octavio Mesa
785,Don Octavio Mesa
787,Don Octavio Mesa
788,Don Octavio Mesa
789,Don Octavio Mesa
790,Don Octavio Mesa
792,Don Octavio Mesa
791,Don Octavio Mesa
795,Don Octavio Mesa
793,Don Octavio Mesa
796,Don Octavio Mesa
797,Don Octavio Mesa
798,Don Octavio Mesa
794,No se pudo determinar el mejor candidato
799,Don Octavio Mesa
800,Don Octavio Mesa
802,Don Octavio Mesa
801,Don Octavio Mesa
803,Don Octavio Mesa
806,Don Octavio Mesa
805,Don Octavio Mesa
804,Don Octavio Mesa
807,Don Octavio Mesa
808,Don Octavio Mesa
809,Don Octavio Mesa
811,Don Octavio Mesa
812,Don Octavio Mesa
810,Don Octavio Mesa
813,Don Octavio Mesa
814,Don Octavio Mesa
815,Don Octavio Mesa
816,Don Octavio Mesa
818,Don Octavio Mesa
817,Don Octavio Mesa
821,Don Octavio Mesa
820,Don Octavio Mesa
823,Don Octavio Mesa
819,Don Octavio Mesa
824,Don Octavio Mesa
825,Don Octavio Mesa
826,Don Octavio Mesa
827,Don Octavio Mesa
828,Don Octavio Mesa
822,No se pudo determinar el mejor candidato
829,Don Octavio Mesa
830,Don Octavio Mesa
831,Don Octavio Mesa
832,Don Octavio Mesa
833,Don Octavio Mesa
835,Don Octavio Mesa
836,Don Octavio Mesa
838,Don Octavio Mesa
839,Don Octavio Mesa
834,No se pudo determinar el mejor candidato
840,Don Octavio Mesa
841,Don Octavio Mesa
837,No se pudo determinar el mejor candidato
844,Don Octavio Mesa
845,Don Octavio Mesa
842,Don Octavio Mesa
846,Don Octavio Mesa
847,Don Octavio Mesa
848,Don Octavio Mesa
843,Don Octavio Mesa
850,Don Octavio Mesa
852,Don Octavio Mesa
849,Don Octavio Mesa
851,Don Octavio Mesa
853,Don Octavio Mesa
854,Don Octavio Mesa
856,Don Octavio Mesa
857,Don Octavio Mesa
858,Don Octavio Mesa
860,Don Octavio Mesa
855,Don Octavio Mesa
861,Don Octavio Mesa
863,Don Octavio Mesa
862,Don Octavio Mesa
859,Don Octavio Mesa
864,Don Octavio Mesa
865,Don Octavio Mesa
866,Don Octavio Mesa
869,Don Octavio Mesa
867,Don Octavio Mesa
870,Don Octavio Mesa
868,Don Octavio Mesa
871,Don Octavio Mesa
872,Don Octavio Mesa
873,Don Octavio Mesa
875,Don Octavio Mesa
877,Don Octavio Mesa
879,Don Octavio Mesa
874,Don Octavio Mesa
876,Don Octavio Mesa
878,Don Octavio Mesa
880,Don Octavio Mesa
882,Don Octavio Mesa
885,Don Octavio Mesa
887,Don Octavio Mesa
889,Don Octavio Mesa
894,Don Octavio Mesa
888,Don Octavio Mesa
891,Don Octavio Mesa
895,Don Octavio Mesa
897,Don Octavio Mesa
892,Don Octavio Mesa
899,Don Octavio Mesa
898,Don Octavio Mesa
884,Don Octavio Mesa
890,Don Octavio Mesa
883,Don Octavio Mesa
886,Don Octavio Mesa
901,Don Octavio Mesa
900,Don Octavio Mesa
881,No se pudo determinar el mejor candidato
903,Don Octavio Mesa
902,Don Octavio Mesa
904,Don Octavio Mesa
896,Don Octavio Mesa
905,Don Octavio Mesa
906,Don Octavio Mesa
893,Don Octavio Mesa
907,Don Octavio Mesa
908,Don Octavio Mesa
909,Don Octavio Mesa
910,Don Octavio Mesa
915,Don Octavio Mesa
914,Don Octavio Mesa
916,Don Octavio Mesa
912,Don Octavio Mesa
913,Don Octavio Mesa
917,Don Octavio Mesa
918,Don Octavio Mesa
911,No se pudo determinar el mejor candidato
921,Don Octavio Mesa
922,Don Octavio Mesa
919,No se pudo determinar el mejor candidato
920,No se pudo determinar el mejor candidato
925,Don Octavio Mesa
924,Don Octavio Mesa
926,Don Octavio Mesa
927,Don Octavio Mesa
929,Don Octavio Mesa
930,Don Octavio Mesa
923,No se pudo determinar el mejor candidato
931,Don Octavio Mesa
932,Don Octavio Mesa
933,Don Octavio Mesa
928,Don Octavio Mesa
934,Don Octavio Mesa
935,Don Octavio Mesa
937,Don Octavio Mesa
936,Don Octavio Mesa
939,Don Octavio Mesa
940,Don Octavio Mesa
941,Don Octavio Mesa
943,Don Octavio Mesa
938,Don Octavio Mesa
944,Don Octavio Mesa
946,Don Octavio Mesa
945,Don Octavio Mesa
947,Don Octavio Mesa
948,Don Octavio Mesa
942,Don Octavio Mesa
949,Don Octavio Mesa
950,Don Octavio Mesa
952,Don Octavio Mesa
951,Don Octavio Mesa
954,Don Octavio Mesa
955,Don Octavio Mesa
956,Don Octavio Mesa
957,Don Octavio Mesa
959,Don Octavio Mesa
953,Don Octavio Mesa
961,Don Octavio Mesa
960,Don Octavio Mesa
962,Don Octavio Mesa
963,Don Octavio Mesa
958,Don Octavio Mesa
965,Don Octavio Mesa
964,Don Octavio Mesa
967,Don Octavio Mesa
966,Don Octavio Mesa
970,Don Octavio Mesa
968,Don Octavio Mesa
969,Don Octavio Mesa
972,Don Octavio Mesa
975,Don Octavio Mesa
976,Don Octavio Mesa
971,Don Octavio Mesa
977,Don Octavio Mesa
973,Don Octavio Mesa
978,Don Octavio Mesa
979,Don Octavio Mesa
974,Don Octavio Mesa
980,Don Octavio Mesa
981,Don Octavio Mesa
983,Don Octavio Mesa
984,Don Octavio Mesa
987,Don Octavio Mesa
982,No se pudo determinar el mejor candidato
988,Don Octavio Mesa
985,Don Octavio Mesa
989,Don Octavio Mesa
986,Don Octavio Mesa
990,Don Octavio Mesa
991,Don Octavio Mesa
994,Don Octavio Mesa
993,Don Octavio Mesa
996,Don Octavio Mesa
992,Don Octavio Mesa
995,Don Octavio Mesa
997,Don Octavio Mesa
998,Don Octavio Mesa
1000,Don Octavio Mesa
999,Don Octavio Mesa
